7,16,jackape
7,17,jackape
7,18,jackape
8,16,jackape
8,17,jackape
8,18,jackape
9,16,jackape
9,17,jackape
9,18,jackape
10,7,jackape
10,8,jackape
10,9,jackape
10,13,jackape
10,14,jackape
10,15,jackape
11,7,jackape
11,8,jackape
11,9,jackape
11,13,jackape
11,14,jackape
11,15,jackape
12,7,jackape
12,8,jackape
12,9,jackape
12,13,jackape
12,14,jackape
12,15,jackape
13,10,jackape
13,11,jackape
13,12,jackape
14,10,jackape
14,11,jackape
14,12,jackape
15,10,jackape
15,11,jackape
15,12,jackape
22,7,jackape
22,8,jackape
22,9,jackape
22,10,jackape
22,11,jackape
22,12,jackape
22,13,jackape
22,14,jackape
22,15,jackape
22,16,jackape
22,17,jackape
22,18,jackape
23,7,jackape
23,8,jackape
23,9,jackape
23,10,jackape
23,11,jackape
23,12,jackape
23,13,jackape
23,14,jackape
23,15,jackape
23,16,jackape
23,17,jackape
23,18,jackape
24,7,jackape
24,8,jackape
24,9,jackape
24,10,jackape
24,11,jackape
24,12,jackape
24,13,jackape
24,14,jackape
24,15,jackape
24,16,jackape
24,17,jackape
24,18,jackape
